4040 : hsa-miR-9-5p,4700 : hsa-miR-140-5p,5250 : hsa-miR-105-5p,6880 : hsa-miR-297,target,target_actual
6.877643,6.245265,6.304782,6.686064,1,primary breast cancer
6.544287,5.874236,6.324987,6.638048,1,primary breast cancer
6.879713,5.958748,6.317687,6.664956,1,primary breast cancer
6.943464,6.026106,6.425266,6.761433,1,primary breast cancer
7.097877,7.127656,6.566482,6.990273,1,primary breast cancer
7.625247,6.861189,6.609005,7.128127,1,primary breast cancer
7.229932,7.128512,6.676049,7.061755,1,primary breast cancer
6.871355,6.594995,6.631758,6.974438,0,normal breast tissue
7.167071,6.771967,6.616591,7.266409,0,normal breast tissue
7.761649,6.324727,6.750625,7.196224,1,primary breast cancer
6.949101,6.207554,6.604833,6.750137,1,primary breast cancer
7.708139,6.344094,6.709879,7.184825,1,primary breast cancer
7.084674,6.245908,6.612539,6.870111,1,primary breast cancer
7.220421,6.27583,6.518181,6.976497,1,primary breast cancer
6.976913,6.585831,6.443767,6.913325,1,primary breast cancer
7.185306,6.144723,6.513705,6.940199,1,primary breast cancer
6.883476,5.932538,6.431606,6.817725,1,primary breast cancer
7.108147,5.859994,6.448335,6.795806,1,primary breast cancer
6.737218,5.86778,6.408928,6.717148,1,primary breast cancer
6.646101,5.839559,6.350535,6.708588,1,primary breast cancer
6.645083,5.950836,6.363806,6.273818,1,primary breast cancer
6.731196,5.857769,6.365911,6.721773,1,primary breast cancer
6.594797,5.930385,6.341276,6.645544,1,primary breast cancer
6.751872,5.890605,6.432109,6.629147,1,primary breast cancer
6.716868,5.901878,6.277386,6.670435,1,primary breast cancer
6.717036,6.189404,6.37726,6.704875,1,primary breast cancer
6.95991,6.003421,6.472536,6.845409,1,primary breast cancer
6.832103,6.171859,6.366679,6.663505,1,primary breast cancer
6.718465,5.925682,6.333401,6.72303,1,primary breast cancer
6.876294,5.909459,6.370784,6.801601,1,primary breast cancer
6.916924,5.979281,6.433497,6.722217,1,primary breast cancer
6.94343,6.091383,6.38944,6.889586,1,primary breast cancer
6.847063,6.020082,6.384036,6.67874,1,primary breast cancer
6.623705,6.009923,6.316995,6.543505,1,primary breast cancer
7.012204,6.078947,6.419043,6.750962,1,primary breast cancer
7.04514,5.89793,6.491868,6.82903,1,primary breast cancer
6.780257,6.149171,6.421577,6.732373,1,primary breast cancer
6.899347,5.903891,6.423417,6.792082,1,primary breast cancer
6.946658,5.950264,6.389132,6.880118,1,primary breast cancer
7.064991,6.091889,6.472227,6.85005,1,primary breast cancer
6.967333,6.045237,6.440401,6.806365,1,primary breast cancer
7.021873,6.464846,6.438427,6.852005,1,primary breast cancer
6.79353,6.391297,6.381956,6.68257,1,primary breast cancer
6.782149,6.316663,6.390704,6.714414,1,primary breast cancer
6.91775,6.395851,6.478276,6.751994,1,primary breast cancer
6.893269,6.157646,6.462501,6.795855,1,primary breast cancer
6.735365,6.31088,6.391394,6.728545,1,primary breast cancer
6.823035,6.670969,6.378795,6.713117,1,primary breast cancer
6.867353,6.483193,6.378025,6.755002,1,primary breast cancer
6.613369,6.583508,6.310596,6.658302,1,primary breast cancer
6.765254,6.555337,6.34751,6.685507,1,primary breast cancer
7.470245,6.473765,6.521046,7.429032,1,primary breast cancer
7.105742,6.546029,6.525861,7.181309,1,primary breast cancer
7.177548,6.601648,6.409191,7.202578,1,primary breast cancer
7.199597,6.924761,6.501092,6.986912,1,primary breast cancer
7.00344,7.264142,6.542834,6.823634,1,primary breast cancer
6.833665,6.494191,6.483943,6.732212,1,primary breast cancer
7.233961,6.914573,6.609616,7.036637,1,primary breast cancer
7.008837,7.089273,6.523289,6.901236,1,primary breast cancer
7.185755,7.025128,6.519102,6.959671,1,primary breast cancer
6.986615,6.855554,6.484965,6.86518,1,primary breast cancer
7.027679,6.936247,6.553945,6.876176,1,primary breast cancer
6.888198,6.819784,6.53048,6.773086,1,primary breast cancer
7.050545,7.005674,6.597981,6.899861,1,primary breast cancer
6.949896,6.775681,6.625781,6.755705,1,primary breast cancer
6.875257,6.539842,6.49586,6.783405,1,primary breast cancer
6.739852,6.759666,6.481846,6.711877,1,primary breast cancer
6.7714,6.474985,6.513081,6.754969,1,primary breast cancer
6.794095,6.618035,6.44299,6.723207,1,primary breast cancer
6.798366,6.518257,6.507983,6.729827,1,primary breast cancer
6.796093,6.511818,6.612173,6.992296,1,primary breast cancer
6.911481,6.314127,6.571386,6.936176,1,primary breast cancer
6.721169,6.547109,6.442251,6.882358,1,primary breast cancer
6.947792,6.620789,6.591725,7.016833,1,primary breast cancer
7.032644,6.591352,6.596611,6.954495,1,primary breast cancer
7.072337,6.631049,6.559804,6.911546,1,primary breast cancer
6.871223,6.692031,6.544329,6.894021,1,primary breast cancer
7.248943,6.667928,6.66697,7.065652,1,primary breast cancer
6.931393,6.719565,6.569915,6.893739,1,primary breast cancer
7.146666,6.725963,6.522164,6.889342,1,primary breast cancer
6.753462,6.518892,6.547766,6.761548,1,primary breast cancer
6.728703,6.598695,6.549648,6.768376,1,primary breast cancer
6.885098,6.549591,6.492775,6.862299,1,primary breast cancer
7.402183,6.724805,6.71548,7.052417,0,normal breast tissue
7.170484,6.734653,6.623865,7.053051,0,normal breast tissue
7.113876,6.734699,6.710902,7.004226,0,normal breast tissue
6.96806,6.62081,6.629168,7.001467,0,normal breast tissue
6.980837,6.746943,6.612999,6.966934,0,normal breast tissue
6.986162,6.566131,6.595654,6.993295,0,normal breast tissue
7.149041,6.812115,6.692238,7.247108,0,normal breast tissue
7.019296,6.637287,6.699782,7.174597,0,normal breast tissue
7.268437,6.340837,6.610541,7.103729,1,primary breast cancer
7.07371,6.332642,6.603127,6.893541,1,primary breast cancer
6.945534,6.473045,6.5804,6.919169,1,primary breast cancer
7.017522,6.289474,6.591273,6.856445,1,primary breast cancer
7.110507,6.647259,6.636105,6.924871,1,primary breast cancer
6.756964,6.207422,6.492717,6.719717,1,primary breast cancer
7.581045,6.359106,6.758599,7.189656,1,primary breast cancer
7.382153,6.330651,6.740542,7.050247,1,primary breast cancer
7.141672,6.539053,6.741715,6.937404,1,primary breast cancer
7.869898,6.353681,6.835292,7.285329,1,primary breast cancer
7.859865,6.491167,6.803981,7.208145,1,primary breast cancer
7.699308,6.400155,6.745182,7.317578,1,primary breast cancer
7.550253,6.254173,6.666749,7.080534,1,primary breast cancer
7.267923,6.418215,6.630481,7.002636,1,primary breast cancer
7.446075,6.322208,6.710411,7.137298,1,primary breast cancer
6.962585,6.395033,6.544087,6.82452,1,primary breast cancer
7.1269,6.202555,6.677938,6.831259,1,primary breast cancer
6.966321,6.179438,6.5814,6.893761,1,primary breast cancer
7.233625,6.199525,6.605786,6.922966,1,primary breast cancer
7.064333,6.228089,6.610123,6.84545,1,primary breast cancer
6.705297,6.223192,6.387476,6.740259,1,primary breast cancer
7.799663,6.394153,6.6905,7.193224,1,primary breast cancer
7.443548,6.37709,6.778335,6.86139,1,primary breast cancer
7.372608,6.227054,6.577011,7.03733,1,primary breast cancer
7.232662,6.376626,6.563719,6.932145,1,primary breast cancer
7.283294,6.181175,6.607741,6.986158,1,primary breast cancer
7.336953,6.425757,6.621086,7.004239,1,primary breast cancer
7.194863,6.424683,6.600571,7.022251,1,primary breast cancer
7.26947,6.314806,6.676409,7.088754,1,primary breast cancer
6.94607,6.264125,6.521432,6.871261,1,primary breast cancer
7.015294,6.482996,6.522577,6.829239,1,primary breast cancer
7.29466,6.302749,6.608908,6.997941,1,primary breast cancer
7.471397,6.30932,6.648747,7.166793,1,primary breast cancer
7.188179,6.34255,6.659292,6.86018,1,primary breast cancer
7.301787,6.240874,6.584855,7.059936,1,primary breast cancer
7.260046,6.255225,6.511831,7.054089,1,primary breast cancer
6.84978,6.261399,6.435883,6.794999,1,primary breast cancer
7.069042,6.361283,6.419449,7.047141,1,primary breast cancer
7.220528,6.358755,6.525857,7.054967,1,primary breast cancer
6.753913,6.167049,6.404217,6.760727,1,primary breast cancer
6.949213,6.530446,6.340408,6.839192,0,normal breast tissue
7.266969,6.411671,6.510445,7.053551,1,primary breast cancer
6.877643,6.245265,6.304782,6.686064,1,primary breast cancer
6.544287,5.874236,6.324987,6.638048,1,primary breast cancer
6.879713,5.958748,6.317687,6.664956,1,primary breast cancer
6.943464,6.026106,6.425266,6.761433,1,primary breast cancer
7.097877,7.127656,6.566482,6.990273,1,primary breast cancer
7.625247,6.861189,6.609005,7.128127,1,primary breast cancer
7.229932,7.128512,6.676049,7.061755,1,primary breast cancer
6.871355,6.594995,6.631758,6.974438,0,normal breast tissue
7.167071,6.771967,6.616591,7.266409,0,normal breast tissue
7.761649,6.324727,6.750625,7.196224,1,primary breast cancer
6.949101,6.207554,6.604833,6.750137,1,primary breast cancer
7.708139,6.344094,6.709879,7.184825,1,primary breast cancer
7.084674,6.245908,6.612539,6.870111,1,primary breast cancer
7.220421,6.27583,6.518181,6.976497,1,primary breast cancer
6.976913,6.585831,6.443767,6.913325,1,primary breast cancer
7.185306,6.144723,6.513705,6.940199,1,primary breast cancer
6.883476,5.932538,6.431606,6.817725,1,primary breast cancer
